text,sen
"Just seen 'Mission: Impossible - Fallout'. I really liked it. They just keep on getting better. \n\nAlso - Henry Cavill... can there just be a movie of him? Just him for 2 hrs, with his beard, shooting guns and throwing punches and maybe take his shirt off? Lord Jesus",
i wanted to see mission impossible fallout and christopher robin and alpha and dog days,
Can't sleep so it's MissionImpossibleFallout on the Trevy home cinema,
Mission Impossible: Fallout spoiler free review,
"Saw MissionImpossibleFallout again yesterday and even though I knew what was going to happen, the movie still blew me away. @TomCruise Henry Cavill, you guys absolutely killed it. Can’t wait for MI7!!",
MissionImpossibleFallout was a good action flick for sure.,
"Finally saw Mission Impossible: Fallout, which is mustard. Here’s @PatwickBarry pointing out his impressive film",
I liked a @YouTube video Mission: Impossible - Fallout - Movie Review,
mission impossible-fallout era bueno me gustó mucho como se dice go watch it puta,
Mission Impossible Fallout: I would put this movie on equal level with the previous three movies not better not worse just good. I recommend you see it for yourself and draw your own,
"I liked a @YouTube video Mission Impossible: Fallout, Incredibles 2 and Awful Blockbusters - The Quest For The",
In my head I run like TomCruise in MissionImpossibleFallout'. Fun @TomCruise @MissionFilm,
In my head I run like TomCruise in MissionImpossibleFallout'. Fun @TomCruise @MissionFilm,
Mission impossible fallout il est exagéré vraiment je vous conseille d’aller le voir il tue tout,
going mission impossible fallout,
Me quedé pensando en Vanessa Kirby en Mission Impossible Fallout. Tiene una cara muy dibujable,
Bon se Dimitri ak Tom Cruise selman ki ka edité FALLOUT. Demen si Dieu veut bonè bonè la Famille Vorbe et Sogener ap prezan Mission Impossible pa yo a. Haiti gen bagay gen bagay.,
"_Mission: Impossible Fallout_ Every review that @mangiotto writes & that I read, significantly increases my capacity to appreciate film, even with movies I'm not likely to watch.",
"— mission impossible - fallout, 2018; Christopher McQuarrie",
"Data Worldwide BO 26/08/18 dari ComScore\nBerkat OW China $68 juta, AntMan & TheWasp kembali jadi film terlaris worldwide.\nDi bawahnya menyusul: TheMeg, CrazyRichAsians, MissionImpossibleFallout.\n(Minggu depan giliran Fallout balik jadi terlaris).",
CNET Asks: Ready to see Mission: Impossible – Fallout? – CNET\nhttp:// Follow on Instagram:,
"Another great video. I wouldn’t mind seeing Shuma Gorath. He looks really cool. Also, I’ve noticed that you really love Rebecca Ferguson. Saw her in Mission: Impossible-Fallout & I like her too.",
"If there is any justice in this world, MissionImpossibleFallout is going to change the standards for shooting action films, much like the frenetic style of Bourne movies defined the past 10-15 years.\n\nThe Paris chase in particular should be studied in film schools.",
Fallout (2018) Mission_Impossible - Fallout (2018) Thank you good movie and you deserve an Oscar!,
So I’ve just come out of watching Mission Impossible: Fallout... 2 things to takeaway:\n1. Man alive can @TomCruise run!\n2. Rebecca Ferguson is goals and total woman crush \n\nAmazing film though!,
"I liked a @YouTube video Hidden Citizens - Symphony No.5 (Epic Trailer Version - ""Mission Impossible: Fallout""",
Mission: Impossible - Fallout - dir. by @chrismcquarrie AGAIN BABY!,
MissionImpossibleFallout talvez o melhor de todos! Me surpreendi,
"Eagerly waiting to be the lucky winner.\nFingers crossed Team!\n\nA mission, that our spies will most definitely accept, is on its way. Winners announcement ke liye taiyaar? TasteOfMI6 MissionImpossibleFallout ChakChakChabao",
De retour de MissionImpossibleFallout\n très très bon ...\nLes scènes sur Paris sont exceptionnelles. .. j'imagine le tournage,
You guys it's happening--I'm about to see Crazy Rich Asians and I haven't been this psyched since...last week when I went to see Mission Impossible Fallout,
watching Mission Impossible Fallout at AMC Theatres - Star Grand Rapids 18,
Nova/velha foto dos bastidores das filmagens de Missão Impossível Fallout em Paris.\nHenryCavill\nSimonPegg\nMissionImpossibleFallout,
Mission: Impossible Fallout 2018 Free Movie Download Torrent Torrent Health44 Seeds 20 PeersDownload torrentTha...,
Mission: Impossible Fallout 2018 Free Movie Download Torrent Torrent Health44 Seeds 20 PeersDownload torrentTha...,
Mission: Impossible Fallout 2018 Free Movie Download Torrent Torrent Health44 Seeds 20 PeersDownload torrentTha...,
Mission: Impossible Fallout 2018 Free Movie Download Torrent Torrent Health44 Seeds 20 PeersDownload torrentTha...,
Mission: Impossible Fallout 2018 Free Movie Download Torrent Torrent Health44 Seeds 20 PeersDownload torrentTha...,
Mission: Impossible Fallout 2018 Free Movie Download Torrent Torrent Health44 Seeds 20 PeersDownload torrentTha...,
Mission: Impossible Fallout 2018 Free Movie Download Torrent Torrent Health44 Seeds 20 PeersDownload torrentTha...,
Tata: Mission Impossible Fallout,
Hot take: TheSpyWhoDumpedMe has better action sequences than MissionImpossibleFallout reeltalk,
"MissionImpossibleFallout was really fun. Action sequences felt like a mix The Matrix 2 bike chases, Dark Knight, Bourne.",
"Dans MissionImpossibleFallout, Tom Cruise est tout le temps désolé, fait des cascades improbables et a tellement rétréci Paris que Bercy est à quelques rues de l’Arc de Triomphe... StopPlease OuTrouvezUnAutreEthanHuntAuMoins",
@VanessaKirby from Mission Impossible has such a fucking beautiful smile \nMissionImpossibleFallout smile missionimpossible Fallout,
"I’ve watched every Mission Impossible into the double digits (except Fallout obv), and yet I couldn’t articulate a single sentence about any of their plots",
Im Actually Fucking Baffled How This Douchebag Is Able to give ANY KIND OF RATING on Rotten Tomatoes apprently he reckons SKYSCRAPER > MISSION IMPOSSIBLE FALLOUT,
Don't miss tonight's final showing of MISSION: IMPOSSIBLE - FALLOUT tonight at 7:30pm at the Palace or you may feel this way!,
mission impossible: fallout\n(ilsa faust),
"Pretentious movie-goers are the worst. I love a good action film like Mission: Impossible and an art house drama at the same time. Although, Fallout is a lot better than some art house movies I've seen.",
@CindyInIndy MissionImpossibleFallout MakeItICONIC,
The Burj Khalifa Tower. In Dubai MissionImpossibleFallout triviamissionaccepted,
'Mission: Impossible - Fallout' 4K UHD Steelbook and Blu-ray Pre-Orders Live,
"Kvikmyndadómur: Mission Impossible - Fallout. Tom Cruise fer um París á mótorhjóli, hleypur um London og flýgur um Indland [Noregi] í þyrlu. Söguþráðurinn er flóknari en þáttur af Bílastæðavörðunum en 15 ára unglingssonurinn fannst myndin skemmtilegri en að hanga fyrir utan B5.",
What's the most frustrating part with having physical roles like MissionImpossibleFallout,
@GraceRandolph Heading in now Grace. Finally seeing it. Let you know what I think when I get out. MissionImpossibleFallout,
The budding romance between Ilsa and Ethan is beautiful. MissionImpossibleFallout,
"TOP 5 FRANCE :\n1-Mission impossible 6: Fallout\n2-Hôtel Transylvanie 3\n3-Neuilly sa mère, sa mère!\n4-Les indestructibles 2\n5-Darkest minds: Rébellion",
"Henry Cavill was a ruthless, despicable piece of shit in this movie and you'll love him regardless. MissionImpossibleFallout",
Roger Thomas reviews “Mission Impossible - Fallout.”,
Mission Impossible : Fallout is getting overwhelmingly great reviews.,
I was literally on the edge of my seat! \nOne of the best in series!! MissionImpossibleFallout\nMissionImpossible fallout\nTom Cruise and James Corden!!!!!...YOU ARE THE BEST,
"Whoever pointed out to everyone that Tom Cruise’s tooth is perfectly aligned with the middle of his face, thanks a lot. I just watched MissionImpossibleFallout and kept accidentally staring at it.",
Mission impossible is the best movie I’ve seen this year!!! FALLOUT,
.@ralasaal Presenta: Trailer Oficial dedicado a la Película Mission: Impossible - Fallout vía @YouTube,
Thank you @TomCruise for another fantastic performance as Ethan Hunt! Loved MissionImpossibleFallout,
Hoy es el estreno a nivel mundial de la película Mission: Impossible - Fallout.,
MissionImpossibleFallout is such a great movie. I really loved it. @MissionFilm,
WOW MISSION IMPOSSIBLE FALLOUT!!! . Non-Stop action absolutely brilliant. Arguably one of the best franchise Spy-Movie but this is best one in entire series keep getting better & better every part @MissionFilm. My rating 9/10 \n\nOne more mission @TomCruise,
Yg dipikirkan saat nonton Mission Impossible Fallout : pace lari Tom cruise berapa ya? Gileee si om udah lebih dr setengah abad masih bugar aja,
I liked a @YouTube video Projector: Mission Impossible - Fallout (REVIEW),
Top 5 France :\n1-Hôtel Transylvanie 3: Des vacances monstrueuses\n2-Les indestructibles 2 \n3-Ant-Man et la guêpe \n4-Mamma Mia: Here we go again \n5-Mission impossible 6: Fallout,
Mission: Impossible Fallout Has A Surprising Connection To The Series' First Film by zirigozacom DVD Blurayhttps://,
When I said Mission Impossible Fallout was LIT AS FUCK,
How Henry Cavill pushed himself to match Tom Cruise's 'tirelessness' in <em>Mission: Impossible — Fallout</em> \nhttp://,
Everyone needs to drop what you’re doing and see MissionImpossibleFallout right now. It’s the best of the series. @chrismcquarrie and @TomCruise killed it. It’s amazing. It’s an experience you won’t forget.,
Shit I realized I actually can't see Mission Impossible Fallout tomorrow. The movie is 2 hrs and 30 minutes essentially and by the time it ended I'd be really late getting to work. \n\nYoung Adult responsibilities....gotta love it lol.,
Weekend streaming: three movies in which (unlike Mission: Impossible—Fallout) the action matters:,
I liked a @YouTube video MISSION: IMPOSSIBLE - FALLOUT (2018) - One Minute Movie Review,
Mission: Impossible Fallout round 2.... In IMAX,
"New Star Cineplex Lamongan\nPlaza Lamongan Lt3\nJl Panglima Sudirman Sidokumpul\nLamongan\n0322-3101648\nJadwal Tayang Film Digital 2D:\n\nStudio 1 ""MISSION IMPOSSIBLE: FALLOUT ""\nJam",
"? ? ???? ? ??????????? ??? ????! ??? ?? ???, ?? ????. ?????????? ?? ???? ??????...????? ???????????! Mission: Impossible - Fallout - super!",
‘Mission: Impossible – Fallout': How Tom Cruise Pulled Off That Insane Skydive,
"Mission Impossible: Fallout is the second movie of 2018 leaving me the question, where’s @Renner4Real?",
Saya suka video @YouTube How Tom Cruise Was Filmed Jumping Out Of A Plane In 'Mission: Impossible — Fallout',
Mission Impossible Fallout Review (Spoilers): via @YouTube,
The magic and influence of Henry Cavill's reloading biceps in Mission Impossible: Fallout,
"Sudden beard growth associated with the reloading of Henry Cavill’s arms is just a distraction sheeple. \n\nThe real question is, “where the hell did that breast pocket just come from?”\n\nMissionImpossibleFallout",
mission impossible fallout is the best action movie since fury road and i swear to god it might be better,
We went last night--it was oh so much fun movies perspective willingsuspensionofdisbelief MissionImpossibleFallout,
"J'aime une vidéo @YouTube : ""How Tom Cruise Learned to Fly a Helicopter Stunt for Mission: Impossible - Fallout | WIRED"" à l'adresse",
Mission: Impossible - Fallout is the first action film I've seen in years where I didn't once question whether something was real or CGI and what a relief,
Inside Tom Cruise’s Batshit Stunts In “Mission: Impossible — Fallout”,
"Misión Imposible: Fallout (@ Cinépolis for Mission: Impossible - Fallout in Ciudad de México, Gustavo A. Madero w/ @magycortez)",
Mission: Impossible—Fallout (2018) Bowler or Fez Film Review via @YouTube\nbowlerorfez tomcruise missionimpossible missionimpossiblefallout,
IM SHSKAKNANDNSKA\n\n The magic and influence of Henry Cavill's reloading biceps in Mission Impossible: Fallout,
5 Awesome Mission: Impossible References You Might Have Missed In Fallout,
Mission: Impossible - Fallout set a new high water mark at the box office for the franchise. \nhttp://,
"Does HenryCavill biceps reload make the same sound in the movie, as they do in the commercial?MissionImpossibleFallout",
"Mission Impossible: Fallout Explodes at the Box Office - Box Office Breakdown for July 29th, 2018",
Starting Friday July 27th\n\nSide 1\n7 & 9\nSkyscraper “PG13”\n\nSide 2\n7:30 Only\nMission: Impossible Fallout “PG13”,
Home again and back at it tonight. Mission Impossible Fallout. MissionImpossibleFallout MissionImpossible @megaplextheatre,
"Mission Impossible Fallout Screening (@ Edwards Mira Mesa 18 IMAX & RPX - @regalmovies in San Diego, CA)",
"Me on my way to theater when I see I’m getting Mission: Impossible Fallout, Teen Titans Go To the Movies, Three Identical Strangers and Sorry to Bother You this weekend",
Read our review of MissionImpossibleFallout!,
Simon Pegg Talks ‘Mission: Impossible – Fallout’ and Plays “Ice Breakers”,
"I’m hearing this Fallout flick is Impossibly good! — watching Mission: Impossible at Navy Pier Imax Theater, Chicago-Harry Potter",
"Hi, just here to make you jealous that I’m about to see Mission Impossible: Fallout.",
I liked a @YouTube video MISSION IMPOSSIBLE 6 Fallout On Set Rebecca Ferguson Interview,
& waiting on TomCruise Mission:IMPOSSIBLE FALLOUT ... @etnow @KevinFrazier @nancyodell @nischelleturner SMOKIN!!!,
"Say what you want about Tom Cruise the person, but Tom Cruise the actor always entertains. \n\nWatching Mission Impossible: The Fallout.",
Going to Mission Impossible Fallout special screening\n\nMissionImpossible\nMissionImpossibleFallout – at Scotiabank Theatre,
vtnvivi your in MissionImpossibleFallout,
So i got a blu ray copy of Ghost Protocol and as soon as I popped it in there was an extended trailer for Mission: Impossible Fallout. \n\nIts a weird feeling.,
Image copyright Getty Images Image caption Vanessa Kirby took to the red carpet at the UK premiere of Mission: Impossible - Fallout earlier this month After watching her win a...,
And Rebecca ferguson on @latelateshow rebeccaferguson missionimpossiblefallout,
watching Mission Impossible Fallout,
My review of MissionImpossibleFallout :,
3\n???? ?????? ???? ??? ???? ?????? \nMISSION: IMPOSSIBLE - FALLOUT (2018)\n\n TOMATOMETER\n\n96%\n\n WANT TO SEE\n\n98%\n IMDb\n\n9.3/10,
Advance Screening for ?@MissionFilm? \nCan I please have ?@TomCruise?’s anti-aging regimen????\nMissionImpossible MissionImpossibleFallout – at NorthPark Center,
Last step in prep for MI: Fallout - rewatching “Mission Impossible: Rogue Nation”.,
Would never leave that hunk of a legend hanging I’m so MissionImpossibleFallout ready,
@TomCruise is doing the stunts n for that I love them ALL ... a legend n hero I’m so @MissionFilm FallOut ready,
"MISSION IMPOSSIBLE FALLOUT Screening GIVEAWAY: ATL, CHI, DC, LA, NY",
Arrived Tokyo MI6PressTourJapan ??????? HenryCavill ???????????? MisisonImpossible MissionImpossibleFallout MissãoImpossível ,
Favourite Films of the 2018:\n-Mission: Impossible - Fallout Trailer\n-The Driving Scene in Hereditary\n-Paddington 2 (2017),
Tom Cruise Breaks Bones in New Mission: Impossible - Fallout Stunts Featurette Go behind the scenes of the incredible stunts of Mission: Impossible - Fallout,
Encore 10 jours avant la sortie de MISSION: IMPOSSIBLE - FALLOUT... Heureusement il y a Fantasia entre-temps!,
Video: Mission: Impossible - Fallout contiene la mayor cantidad de stunts de la franquicia.,
"not only does this get me incredibly hyped for Fallout, but also to see what kind of batshit insane things Tom Cruise will do in Mission Impossible 7.\n\nhttps://",
«Mission Impossible: Fallout» tiene un 9.4 en IMDB ahora mismo. Yo la vi ayer en pase de prensa y os aseguro que es una nota más que merecida. Qué pasada de todo.,
Get Ready!!! missionimpossible6 MissionImpossibleFallout,
TOKYO – @TomCruise and HenryCavill arrive at Haneda Airport on July 17. missionimpossiblefallout dineugeniophotography filipinojapanesejournal DnDPressJapan ,
"DJ Harvey plays himself in ""Mission Impossible: Fallout""",
"DJ Harvey plays himself in ""Mission Impossible: Fallout""",
"Aprovechando el estreno de MissionImpossibleFallout, rescato mi secuencia favorita de MISIÓN IMPOSIBLE 2.",
Mission: Impossible – Fallout UK Premiere - watch the red carpet interviews with the cast:\n\nhttp:// \nMissionImpossible MissionImpossibleFallout MissionImpossible6 TomCruise HenryCavill SimonPegg VanessaKirby ,
"I really want to rewatch all of the MISSION: IMPOSSIBLE movies before FALLOUT hits cinemas, but that’s literally seven days away and I just KNOW I won’t have time.",
Super-Human?? No!!\nSuper-Hero?? No!! \nTom Cruise?? Yes!!\nMissionImpossible MissionImpossibleFallout MI6 @TomCruise @ParamountPicshttps://,
"No es uno, no son dos, ni tres.... son ¡cinco! los stunts que hace Tom Cruise en MissionImpossibleFallout MisiónImposibleRepercusión. Aquí un breve vistazo a todos ellos.",
Lo so! O magari ti guardavi Mission Impossible fallout...che quello son soldi spesi bene!,
Surprised by how great MissionImpossibleFallout was. Such an awesome movie!,
"TOP 5 FRANCE: 1-PHOTO DE FAMILLE 2-BLACKKKLANSMAN 3-EN EAUX TROUBLES 4-LES VIEUX FOURNEAUX 5-MISSION: IMPOSSIBLE, FALLOUT",
Had 2 look 2x to see if it was a photo or not. @MarkBristol your storyboard art is fantastic. Is all of this done with a certain computer template? & is it done right before each scene is filmed? @tomcruiseblog @TomCruise MissionImpossibleFallout,
"With the 'Best Popular Film' Oscars category now on indefinite hold, it does make me wonder where that leaves what would have been the likely nominees BlackPanther ReadyPlayerOne CrazyRichAsians MissionImpossibleFallout Avengers @PiyaSRoy @",
Your life is not more interesting than Mission Impossible Fallout,
can't believe mission: impossible - fallout's chances of oscar gold r dashed........thanks america,
Triumph for Alibaba as ‘Mission: Impossible – Fallout’ Enjoys $77 Million China Opening via @variety,
Finally gettin around to this one...\nNowWatching MissionImpossibleFallout,
went to see the new MissionImpossibleFallout the other day with work and I must admit it was very good worth a watch never actually watched the mission impossible but would recommend the new one,
Mission Impossible: Fallout,
Mission: Impossible- Fallout,
"Escape plan 1,2\nMile 22\nReprisal\nMission : impossible - Fallout\nSkyscraper\nBlack water\nIncoming",
Thor: Ragnarok or Mission Impossible: Fallout,
Mission: Impossible - Fallout Contest,
Mission: Impossible - Fallout,
Is Mission Impossible: Fallout out in hd online ??,
I liked a @YouTube video Every Mission Impossible Before Fallout - CRAM IT,
Same Old Ethan - MI: Fallout\nMissionImpossibleFallout @MissionFilm,
I added a video to a @YouTube playlist MISSION IMPOSSIBLE 6 : FALLOUT Trailer Music Version | Official Movie,
Extremely disappointed in everyone involved in making Mission: Impossible Fallout for not adding a second colon.,
Hmm. How much did they spent to hiding that mustaache? SuperMan MissionImpossibleFallout JusticeLeague,
"Happy Birthday to the man, the myth, the legend, and the man who knows that no Mission is Impossible @TomCruise !! MissionImpossible Fallout",
N we can’t wait for this movie to hit theaters ... I’m so MissionImpossibleFallout ready ... HAPPY BDAY MR SEXY U GET BETTER N BETTER WITH AGE @TomCruise,
Deadpool2\nMission Impossible: Fallout\n\nWerd ich vermutlich als Fan und der Vollständigkeit halber gukn. Wurde bis auf Teil 2 bis jetzt von keinen der Filme enttäuscht. \n\nLeider scheint Jeremy Renner nicht mehr mit zu spielen :(! Und Tom Cruise is top!\n\nhttps://,
@TomCruise Hope you're having an amazing Birthday!\nBest wishes to you and I can't wait for MissionImpossibleFallout,
Mission: Impossible - Fallout (2018)\nIMDb\nHBD ?@TomCruise? \nU Really Were Almost\nBorn On The 4th Of July \n\nLooking Forward To MI Fallout -\n“Done When We Say It’s Done”\nI Like The Sound Of That.,
Header update..\nFt. Mission Impossible: Fallout,
7?18?(?) ?????????!\n????????????????????????????????????\nmissionimpossible missionimpossiblefallout\n???? HenryCavill\nOMG,
Un nuevo póster para Mission: Impossible – Fallout.,
@TomCruise Hope you are having a grand time today!\n\nHappy Birthday Mr Hunt.\nShould you choose to accept it....\nMissionImpossibleFallout,
New Poster for Mission Impossible Fallout MissionImpossibleFallout,
Mission: Impossible - Fallout (2018) - Official Trailer - Paramount Pict... via @YouTube,
Las Vegas: Win Passes To An Advance Screening Of ‘Mission: Impossible Fallout’,
"@VanessaKirby, kterou uvidíme za pár týdn? v Mission: Impossible - Fallout, si zahraje sestru Jasona Stathama ve spin-offu Rychle a zb?sile Hobbs & Shaw.",
Happybirthday tomcruise thank u for the movies u give 2us missionimpossible @MissionFilm @AndesFilmsChile @MissionImpossibleFallout @tomcruise tomcruisefan & many more to,
"HappyBirthday to real life action man, TomCruise! Can't wait to see him in MissionImpossibleFallout this month! @MissionFilm @TomCruise @sterkinekor @UIPSA ",
"I love the fact that although I've seen almost all of my most anticipated movies of the summer, I still have yet to see my most anticipated (Mission: Impossible - Fallout). it gives me something to look forward to.",
Happybirthday tomcruise thank u for the movies u give 2us missionimpossible @MissionFilm @AndesFilmsChile @MissionImpossibleFallout @tomcruise tomcruisefan & many more to,
Happybirthday tomcruise thank u for the movies u give 2us missionimpossible @MissionFilm @AndesFilmsChile @MissionImpossibleFallout @tomcruise tomcruisefan & many more to,
"Que película es mejor: The Meg o Mission: Impossible Fallout? Lo discutimos en el episodio de esta semana! TheMeg MissionImpossible SKYSCRAPPER \n\nRecuerden que también lo pueden escuchar en Spotify, iTunes y YouTube.",
cute commercials: IMAX version Mission: Impossible - Fallout IMAX® Exclusive Sneak Peek (Tease) 00:15,
cute commercials: IMAX version Mission: Impossible - Fallout IMAX® Exclusive Sneak Peek (Tease) 00:15,
cute commercials: IMAX version Mission: Impossible - Fallout IMAX® Exclusive Sneak Peek (Tease) 00:15,
cute commercials: IMAX version Mission: Impossible - Fallout IMAX® Exclusive Sneak Peek (Tease) 00:15,
Mission Impossible: Fallout,
Happy Birthday to you!. Enjoyed your performance in \nMission Impossible-Fallout.,
Top three films of 2018 for me so far:\n\n1. Ready Player One\n2. Avengers: Infinity War\n3. Mission: Impossible - Fallout,
"There are few franchises that get better and better with each movie but my god the Mission: Impossible franchise is one of them. MissionImpossibleFallout is one of the best movies of the decade, it is the definition of ""a non-stop thrill ride"".",
the M&Ms spy movie commercial is better than MISSION IMPOSSIBLE: FALLOUT,
"Right?! And oops, I forgot, I actually saw Mission Impossible Fallout last! Looks like I'll have to spend the next month doing dangerous stunts with @TomCruise Gulp!! He's also got a good track record of keeping the ladies safe though!",
"TOP 5 FRANCE :\n1-Mission impossible 6: Fallout\n2-Equalizer 2\n3-Hôtel Transylvanie 3\n4-Neuilly sa mère, sa mère!\n5-Les indestructibles 2",
"So when I saw Mission Impossible Fallout again they played the Alita trailer, but it was the one that had the July release date. That was hilarious.",
"Mission impossible fallout\nDisappointing \nNot so good, not bad",
"I saw MissionImpossibleFallout at the Cineworld in Jersey today and it was amazing. It's an example of passion and great filmmaking. After 6 films, I'm not feeling any MI fatigue. I'll tweet more about the film soon - watch this space. ",
I may like @MissionFilm Fallout a whole lot MissionImpossibleFallout,
Mission: Impossible - Fallout,
Avengers infinity war\nMission impossible Fallout,
"Join @ashleyhobley, @vivaladil & @LordNPrior on the latest What Do You Wanna Watch? to hear about everything they've been watching including:\n- MissionImpossibleFallout\n- ThePackage\n- DarkTourist\n- @RusselCoight's AllAussieAdventures\nWDYWW\nhttp://",
really? not mission impossible fallout,
HAPPY FRIDAY! Any weekend plans? \n\n@TimelordBurrito is planning to watch all 5 MissionImpossible movies before the release of MissionImpossibleFallout\n\nAnd he's planning on ranking them all! Find out more soon at (@MissionFilm),
MissionImpossibleFallout Paris Premiere Photo’s -,
"Loved @TomCruise in MissionImpossibleFallout at the premiere tonight. He literally fought through pain to deliver this movie. Now I hear Tom is doing topgun2 but personally I think he should be doing a sequel to Risky Business. Sometimes you just gotta say ""what the heck.""",
"Is there a franchise as consistently good as Mission Impossible? Assuming Fallout doesn't disappoint...\n\nThat's six installments, on a 10+ year streak of quality with no bumps",
Such a great line up! tomcruise HenryCavill RebeccaFerguson simonpegg MissionImpossibleFallout moviepremiere redcarpet @,
MissionImpossible Fallout. \nJuly27th @TomCruise @simonpegg @VingRhames59 @Skydance @MissionFilm \nWaiting for this epic movie .,
Always studying my craft. MISSION IMPOSSIBLE FALLOUT behind the scenes! DirectorImaniShakur Focused,
Always studying my craft. MISSION IMPOSSIBLE FALLOUT behind the scenes! DirectorImaniShakur Focused,
"The dedication to the action sequences from Tom Cruise in Mission: Impossible Fallout are just insane. Favourite movie of the franchise, he really is one of a kind! MissionImpossibleFallout",
"Wow, Tom Cruise-Henry Cavill Bintang Film ‘Mission: Impossible- Fallout’ Akan ke ‘Running Man'",
@TomCruise an amazing sexy talented individual... definitely my hero ... MissionImpossibleFallout I’m so ready,
I liked a @YouTube video Mission: Impossible -Fallout (2018) - World Premiere Red Carpet- Paramount Pictures,
Raising the Bar in Mission: Impossible: Fallout,
I've seen the trailer about 457 times because it plays before everything in existence. Still looks good though. MissionImpossibleFallout,
Mission: Impossible - Fallout (2018) ~ full movie online HD | 720p | 1080p \nlink: \nfilm movie xvideo\n,
Mission: Impossible Fallout Review: No One Does Action Better Than Tom Cruise via @WeLiveEntmt MissionImpossibleFallout missionimpossible6,
diantos: Rebecca Ferguson dancing adorably at the Mission Impossible Fallout premiere,
"Mission: Impossible - Fallout is legit excellent. I had to keep reminding myself to breathe, it wound me so tightly. The score! The stunts! Ilsa Faust!",
"Pretty buzzed for MissionImpossibleFallout , if it’s supposedly better than the last 2 it’s gonna be incredible",
"You need to see this, SimonPegg (@simonpegg) kind of styling in black and white at the MissionImpossibleFallout premiere in London on July 13, 2018. Via weibo.",
Want to see:\n“‘Mission: Impossible – Fallout’ Early Buzz: Chris McQuarrie Does It Again With Another Wildly Entertaining Sequel”\nhttp:// \ntomsmovies movies ,
MISSION: IMPOSSIBLE - FALLOUT Advance Screening Passes! - Mind on Movies via @MindonMovie,
MISSION: IMPOSSIBLE - FALLOUT Advance Screening Passes!,
Mission: Impossible - Fallout (2018) - Official Trailer - Paramount Pict... via @YouTube,
"I added a video to a @YouTube playlist MISSION IMPOSSIBLE 6 Fallout ""That's The Job"" Movie Clip",
"From @slashfilm ‘Mission: Impossible – Fallout’ Featurette: Tom Cruise Throws Himself Out of a Plane at 25,000 Feet",
???????? ????????????????\nMISSION IMPOSSIBLE 6 Fallout Movie B-Roll & Bloopers\nhttps://,
Faltando muy poco para su estreno acá el nuevo poster promocional de Mission: Impossible – Fallout ,
Mission: Impossible – Fallout (2018) – “Bathroom Fight” – Paramount Pictures,
First Clip from 'Mission: Impossible – Fallout' Sees Tom Cruise Diving After Henry Cavill -,
Mañana nuevamente me encuentro con @tomcruise para hablar de su nueva película MissionImpossibleFallout Desde temprano les estaré compartiendo detalles en @despiertamerica y videos en,
Mission: Impossible - Fallout. First Man. Backseat. The Favourite. The Nun.,
Mission Impossible Fallout Bathroom Fight,
Mission: Impossible – Fallout\nThe Meg\nBad Times at the El Royale\nBeautiful Boy\nSerenity\nBoy Erased\nWidows\nBen Is Back\nAlita: Battle Angel\nWelcome to Marwen\nMary Poppins Returns\nThugs of Hindostan,
"HenryCavill at Mission Impossible Fallout screening for Press at Cinema Pathe La Villette Paris July 10, 2018\n\nRepost from Henry Cavill World\n\nThank you also to @cavillclique via Twitter! ~Lisa",
MISSION IMPOSSIBLE 6 FALLOUT Bathroom Fight Scene Clip + Trailer (2018) ... via @YouTube,
Henry Cavill At ‘Mission impossible: Fallout’ screening for the press at Cinema Pathe La Villette in...,
Bathroom fight scene from Mission Impossible: Fallout.\nHoly Shit. They're beating the crap out of each other.\nIt feels more like a John Wick film. I love it.,
Mission: Impossible – Fallout Gets a New IMAX Poster,
Box Office: ‘Mission: Impossible – Fallout’ Shooting for $60 Million-Plus Launch by @Variety_DMcNary missionimpossiblefallout,
"\n\n""The Equalizer 2"" is over! We are now rushing into ""Mission: Impossible - Fallout"". Be on your guard!\n\nTheEqualizer2 MissionImpossibleFallout",
@TomCruise MissionImpossible MissionImpossibleFallout \nCan't wait \nEthan Hunt is BETTER than James Bond,
Film review: Mission: Impossible – Fallout via @BBC_Culture,
MissionImpossibleFallout Review: Tom Cruise continues to do what he does best: be a movie star in mind-blowing stunts.,
Mission: Impossible - Fallout (2018) - Official Trailer - Paramount Pict...,
mission possible\nMissionImpossibleFallout,
Starting the big Mission Impossible rewatch tomorrow. One a day will hold me over till Fallout on Thursday. :),
"RSVP for Q&A with director Christopher McQuarrie and screening of Mission: Impossible - Fallout playing 7/36 in Los Angeles, CA",
Accepted!! @TomCruise MissionImpossibleFallout MissionImpossiblehttps://,
"Mind blown. RT @timcarvell: Hi! Tom Cruise is five years older in ""Mission: Impossible: Fallout"" than Wilford Brimley was in ""Cocoon""! I don't know what to do with this information, and now, neither do you!",
Mission: Impossible – Fallout UK Premiere - watch the red carpet interviews with the cast:\n\nhttp:// \nMissionImpossible MissionImpossibleFallout MissionImpossible6 TomCruise HenryCavill SimonPegg VanessaKirby ,
"Movie news – Mission Impossible Fallout Release Date July 27, 2018",
"DyK? Tom Cruise is five years older in ""Mission: Impossible: Fallout"" than Wilford Brimley was in ""Cocoon""! Wow.",
Me gustó un video de @YouTube Mission: Impossible - Fallout Movie Clip - I'd Like To Go Home Now (2018) |,
MissionImpossibleFallout ???????????????????.?????????????????????????????????????????????? ????????????????????????????,
mission impossible : fallout got 9.4 from imdb. hmm worth to watch it,
"Why do I feel like every time I've gone to the movies for the last 10 months, I've seen the exact same preview for ""Mission Impossible: Fallout""? Is that movie ever coming out?",
"The first Glass trailer will be shown before MissionImpossibleFallout, in theaters! SDCC2018",
Mission Impossible Fallout Trailer Ufficiale HD Paramount Pictures 2018: tramite @YouTube,
Ho aggiunto un video a una playlist di @YouTube: Mission Impossible Fallout Trailer Ufficiale HD Paramount,
Remember when @TomCruise is the biggest Legend™ to ever exist MissionImpossibleFallout,
"1. In Mission Impossible: Fallout, Henry Cavill’s moustache was not worth the ridiculous CGI upper lip he was forced to have in Justice League.",
"MissionImpossibleFallout was everything they said it was. A double, triple, QUADRUPLE---",
"Still at AMC Patton Creek 15, I just watched TheDarkestMinds & now MissionImpossibleFallout in IMAX is next Sweet",
Just got of Mission Impossible: Fallout. Tom Cruise is my favorite actor for a reason; the man never disappoints.,
‘Christopher Robin’ and a Couple of Spies Couldn’t Stop ‘Mission: Impossible – Fallout’ from Topping the Box Office Again,
Potential to watch Mission Impossible Fallout for a 3rd time tonight...hmmmm!,
mission impossible: fallout makes me believe in god,
I rated Mission: Impossible - Fallout (2018) 10/10 IMDbhttp://,
????????Mission: Impossible - Fallout???????TAO LAB MAGAZINE,
Now On Sale at Mueller:\n- BLACKKKLANSMAN [Add'l Times]\n- Open Caption: MISSION IMPOSSIBLE: FALLOUT,
SimonPegg\nHenryCavill\nMissionImpossibleFallout \n\nHenry Cavill and Simon Pegg - Mission: Impossible Fallout Exclusive Interview\n| PopCulture \nhttps://,
Going to finally use my AMCAList to see MissionImpossibleFallout tomorrow. Looking forward to it.,
Our first date night since he's been home!\nmissionimpossiblefallout @ AMC Theatres,
"Saw @MissionFilm Fallout yesterday, think it's probably safe to say that it's the best Action Movie series of all time at this point. Typically such franchises run out of gas after the 2nd or 3rd movie, but this series just keeps getting better. Go see it! - Gregg",
"Setelah nonton Mission: Impossible - Fallout, kesimpulan ku Tom Cruise > The Rock dalam urusan film aksi..\n\nSedangkan Deddy Corbuzier > The Rock | dalam urusan nge-Host\n\nEsai selasa RecehkanTwitter",
Mission Impossible: Fallout\n\n?????? ??????,
MISSION: IMPOSSIBLE - FALLOUT. Tom Cruise: insane! My score: 8.5/10\n\nleikialireviews — watching Mission: Impossible,
MissionImpossibleFallout and\nTheSpyWhoDumpedMe were both good,
I rated Mission: Impossible - Fallout (2018) 10/10 IMDb,
Always have 100 door to go\nMissionImpossibleFallout,
"Ethan, this Mission? Impossible. I say we just go home and play Fallout.\nFilmsInRealTime\n@KaceyecaK",
Jeremy Renner turned down a Mission: Impossible – Fallout death scene cameo,
Shocker I haven't seen any mission impossible movie so i'm gonna try to watch all 5 in order to watch Fallout next week,
MissionImpossibleFallout\nhttps:// \n\nNuff said,
watching Mission Impossible Fallout at Amc Cinema Riyadh,
"Just Watched MissionImpossibleFallout OMG! It was thrilling! Great Cast, writing, filming; Stunt work TomCruise! & he's not the only hunk! HenryCavill Died Laughing @ CNNFakeNews scene. On the edge of our seats and loved every second of it! Brilliant! MustSee !",
Je viens de voir MissionImpossibleFallout et c'est du pur cinéma d'action @TomCruise vous être le meilleur cinq étoiles merci,
NowWatching Mission: Impossible - Fallout (2018) - My most anticipated film of the summer! Have you seen this one? Let me know your thoughts on it!\n\nMissionImpossible MissionImpossibleFallout TomCruise\nhttps://,
MissionImpossibleFallout \nWeekend box office report.,
«Warning: This story contains plot spoilers about “Mission: Impossible — Fallout.”» \nhttp://,
"@chrismcquarrie delivers one of the best intense action sequences in recent cinematic history, with MissionImpossibleFallout.",
mission impossible fallout c'est validé. Excellent,
MissionImpossibleFallout vu mouais se genre de film ne m impresionne et ne me passionne plus\nJ ai l impression d avoir vu ca 40fois ou d avoir vu un film Fast And Furious avec moin de voiture\n\nBon moment mais sans plus,
"Movie Review: Mission Impossible - Fallout, The Wife",
"And this is how you make a great movie, congratulations @chrismcquarrie and @TomCruise for provide an insane rollecoaster ride with MissionImpossibleFallout, I never see a two hour and half movie pass so fast, the action, the plot twists and the cast are fantastic. Wow, just wow",
"You know, TomCruise does run a lot MissionImpossible MissionImpossibleFallout MissionImpossible6 ",
What If Everyone Had To Perform An Impossible Stunt? \n\niTunes:\nhttps:// \n\nPodbean: \n\nYouTube:\nhttps:// \nmissionimpossible missionimpossiblefallout tomcruise anw reelinrealpod podcast podcasters,
I rated Mission: Impossible - Fallout (2018) 9/10 IMDbhttp://,
"I'm at Bar Ann Drive-In for Mission: Impossible - Fallout in Portage, PA",
Mission Impossible Fallout,
bruce-wayne:Mission Impossible: Fallout (2018) dir. Christopher...,
Mission impossible- fallout,
Bir @YouTube videosu be?endim: Mission: Impossible - Fallout x Mike Shinoda - Watching As I Fall,
274. Mission: Impossible- Fallout (2018),
missionimpossiblefallout dinnerandamovie @ Silverspot Cinema Orange Village,
"Se reporta que Bond 25 busca al director y escritor de Mission: Impossible - Fallout McQuarrie está siendo considerado porque ""mostró su talento para la acción alrededor del mundo"". Bond 25, la película aún sin título de James Bond, ahora está en búsqueda de un director y ha",
Mission: Impossible - Fallout (2018)\nIMDb I rated 8/10https://,
MissionImpossibleFallout ???? ???? ????? ?????,
YouTube?????Mission: Impossible Fallout Theme????????\nhttps://,
YouTube?????Mission: Impossible Fallout?“Bathroom Fight”????????\nhttps://,
"I didn’t know that, my that is a surprise. I put spy movie music on to get me in the mood when I run my workshops. Just came from seeing Mission Impossible: Fallout too.",
MissionImpossibleFallout with my brother & nephews! Simple pleasures are the best. – at Cinemark Movies 14,
"I went to see MissionImpossibleFallout after listening to the latest teamhuman episode. Sitting in the dark theater I felt my mind trying to escape the simulation repeatedly, apparently it lacks the programming language to assimilate that piece of garbage film. TrojanHorse",
mission impossible: fallout was so good MAYBE scientology has won me over,
"Mission Impossible: Fallout is one of greatest American action films, ever.",
Sat for Mission Impossible: Fallout,
"Darknest minds rébellion, en eaux troubles,mission impossible fallout",
So I FINALLY saw Mission Impossible: Fallout. Bloody loved it - every set piece feels like a finale (in a good way) and I genuinely think Tom Cruise is going to end up killing himself at some point doing stunts because they are MAD.,
mission impossible: fallout LibSpillFilms,
"@BriefTake MissionImpossibleFallout YEG, Please consider me for advance screening pass win contest for Mission Impossible Fallout for Edmonton. Thanks",
"Popping in at a movie pitch meeting:\n\nGuys, we take Tom Cruise and put him in spy movie set in a popular post-apocalyptic setting.\n\n*being dragged out by my feet* MISSION: IMPOSSIBLE FALLOUT: NEW VEGAS!!",
@BriefTake - Looking for that bonus entry in the Mission Impossible - Fallout screening contest!\n\nFavourite Tom Cruise movie is Magnolia and looking for the EDMONTON showing.,
RafadiSouza TitoAmorim DaltonLuis MarinaGomes Musicaautoral Meusambaeassim SambaHostel MusicadeMinas Namedidacerta rioutopico voltasecateatro guiacultural movt opinaocult globoteatro agendaculturalrj henrycavill instadaily missionimpossiblefallout,
"Regardless of what movie I see, there will be a preview for Mission Impossible: Fallout before it",
"Between this and the /Filmcast’s Mission: Impossible episode, I am absolutely elated. You NEED to be on the FALLOUT episode. Make it happen @davechensky",
Mission: Impossible: Fallout: An Ethan Hunt Adventure: Reloaded (Unrated),
Raleigh: Win Passes To An Advance Screening Of ‘Mission: Impossible Fallout’,
I added a video to a @YouTube playlist MISSION IMPOSSIBLE FALLOUT TRAILER REACTION & REVIEW,
"Chris McQuarrie, the screenwriter, is still working hard today, his newest movie, MISSION: IMPOSSIBLE - FALLOUT, coming out this month. FridayThrillerClub",
Nonton sendiri lebih ena daripada rame rame. Idek why \n\nAnd im waiting for mission: impossible fallout~,
"So whenever @Alexispapi19 and I go to watch Mission Impossible Fallout, and she is confused because she's only seen the first two movies, I'm gonna sit there all thug life and be like you should've watched the movies lmfao",
Who? Tom Cruise? Is this Mission Impossible Fallout subliminal advertising you're doing? \n(cc: @chrismcquarrie),
"Mission: Impossible is legit the best film franchise. I don't usually marathon movies before an upcoming release but I'm gonna do it for Fallout.\n\nFrom memory, my ranking is 4>5>1>3>2.",
If you're not hyped on Tom Cruise or Mission Impossible watch this immediately and let me know if you want to borrow my Blu Ray box set before Fallout comes out.,
"I swear man, every single Mission: Impossible film is always only 'pretty decent' but the trailers are always . Makes them look like the film of the year and Fallout is no different. Proper gets you hyped for it.",
Phoenix: Win Passes To An Advance Screening Of ‘Mission: Impossible Fallout’,
I also can’t wait to see Rebecca Ferguson in Mission Impossible - Fallout omg,
@chrismcquarrie What are films of yours are you the most and least proud of and why? Also is it July 27th yet?! MissionImpossibleFallout\nMcQandA,
"J'aime une vidéo @YouTube : ""MISSION IMPOSSIBLE 6 FALLOUT Helicopter Fight Scene Trailer (NEW 2018) Tom Cruise Action Movie HD"" à",
"I'm at @Cinesystem for Mission: Impossible - Fallout in Maceió, Alagoas",
"Cinephile No. 728 ""Mission: Impossible-Fallout"" — Natetheworld @RentonReporter cinema movie ",
"Here we go... movie free on points, $947 on snacks.....\n~~~~~~~~~~\ncineplexvip missionimpossiblefallout @ Cineplex Odeon Windermere and VIP Cinemas",
I’m looking forward to seeing “Mission: Impossible – Fallout” with my buddy @realDonaldTrump! SummerMovieRegalGiveaway,
"MissionImpossibleFallout another action packed, never slows down film in the series. solid movie. Henry Cavill’s character (if not just his own acting) is very stiff and robotic. 3/5 stars",
watching Mission Impossible Fallout,
There’s a certain point in Mission Impossible Fallout where the other shoe drops\nand then a counter shoe drops\nand then another shoe drops\nand another goddamn shoe drops,
"Mission: Impossible Fallout 4K Ultra HD, Blu-Ray and DVD Get Release Date - Game Idealist",
"Ever since my dad and I saw Mission Impossible: Fallout he’s been “cocking his fists,” like Henry Cavil. Puts a smile on my face every time.",
MissionImpossibleFallout is the real deal. One of the best action movies I've seen in a very long time. Congratulations @chrismcquarrie and company. Now bring us 2 Way 2 Gun.,
Mission Impossible 2018 - Fallout via @TheoKalimtzakis,
"An Iron Fist movie directed by Ang Lee, starring Ludi Lin (the guy’s a trained martial artist), and all stunts choreographed by the badass dude from Mission Impossible: Fallout.",
@JennyTinmouth just been to see Mission Impossible Fallout. You were awesome in it. Hope to see you back on the track soon.,
"Brought the whole family to see Mission Impossible: Fall Out. My 7-yr-old says to me when we leave, “That movie was just about killing people. Oh. And bombs.” She has a point. LOL MissionImpossibleFallout @TomCruise momlife parenting",
"After watching Mission Impossible Fallout, I’m convinced that the entire human race ages so that Tom Cruise doesn’t have to.",
seminarphotoshoot summer newportbeach AGSCDM missionimpossiblefallout ,
watching Mission Impossible Fallout,
Regrann from henrycavill - That's a wrap for the Mission: Impossible - Fallout press tour! Thank you China for being such a fantastic final note to an exceptional press tour experience.,
?????????????????(Mission:Impossible - Fallout)?????????????????????????????????????????????????????????????????????????????????????????????:B+,
Finally got round to seeing Mission Impossible: Fallout or Now That’s What I Call An Action Film 18 at the IMAX. Holy shit it’s SO GOOD. Brilliantly orchestrated. Amazing stunts. So exciting. And just when you think it’s peaked... @lollyadefope turns up and steals the show!,
So I'll never not call Fallout: 76 anything other than Fallout: Soldier 76. Same with Mission Impossible Fallout New Vegas.,
"Mission Impossible Fallout, not too shabby.",
@jtimsuggs are you down for a IMPOSSIBLE MISSION! TONIGHT!\nWatching this film for your third time!? At our local theater to watch fallout with me? Bc I really want to see this film!,
"MissionImpossible\n\nYour mission, should you choose to accept it, is alzare le chiappe e andare al cinema a vedere MissionImpossibleFallout",
Mission Impossible Fallout tonight! Woot woot! @TomCruise HenryCavill MissionImpossible FallOut,
Ero fomentatissima dell'uscita di Fallout perché pensavo avessero fatto un film sul videogioco e poi mi rendo conto che è l'ennesimo mission impossible e io direi anche basta,
??E\nHenry Cavill and Simon Pegg attend the 'Mission: Impossible - Fallout' China Press Junket\nhttp://,
Quando você é convidado para jantar e descobre que também pagará a conta.\n\nImagem: Henry Cavill está na China com @TomCruise @chrismcquarrie e @simonpegg\nHenryCavill MissionImpossible MissionImpossibleFallout MissaoImpossivel cinema\n@,
"Mission Impossible: Fallout (@ AMC Clifton Commons 16 - @amctheatres in Clifton, NJ)",
Al Cinema - Nuove clip da paura per Mission: Impossible - Fallout actionmovies alcinema,
MISSION IMPOSSIBLE 6 Fallout BEHIND THE SCENES Movie B-Roll & Bloopers @YouTube,
Also\n-the guy who said “mission impossible: fallout is my favorite movie. I like the cinematography even though the acting is bad.”,
??? ??????? ????????? 2018/8/27?\n\n1- Crazy Rich Asians \n2- The Meg \n3- The Happytime Murders \n4- Mission: Impossible - Fallout \n5- Mile 22\n6- Christopher Robin \n7- Alpha\n8- Black k Klansman \n9- A-X-L \n10- Slander Man,
Just been to see @MissionFilm Fallout. OMG it was intense! I realised after some of the long action scenes that I was making gurning faces and bracing myself!! I hope no one saw me...haha! Great film.,
24: Mission: Impossible – Fallout (3Gs),
Back from Mission Impossible Fallout and DAMN that hits the spot. movies,
Make up Date night...I’m thinking a Movie and drive thru. \nMission Impossible fallout - Slender Man or BlackKKlansmann ? \nCask of wine - passion pop\nOr 6 pack of Vb ? \nMaccas - Hungry Jacks or KFC ? \nHelp,
He añadido un vídeo a una lista de reproducción de @YouTube ( - Mission Impossible - Fallout (2018) Official,
Ashamed to admit I still haven't seen MissionImpossibleFallout,
"PremierMI6China | Henry Cavill, @chrismcquarrie e @simonpegg continuam na China divulgando o filme Missão Impossível Efeito Fallout. Hoje ele esteve no Cinema Wanda CBD\nVia @JustJared\nHenryCavill MissionImpossible MissionImpossibleFallout MI6 China ",
I liked a @YouTube video Mission: Impossible Fallout Theme [Extended] by Lorne Balfe,
"Just walked out of mission impossible fallout, round 3. Really not sure if this, Incredibles 2, or Sorry to Bother You won the summer for me but goddamn these are some good movies.",
Episode 24 - Pod V Pod III (w/ MissionImpossibleFallout) \n\nFeat. @grrpod!!\n\n@itunes: \n@whooshkaa: \n@Spotify: \npodernfamily thePWA podsociety podcast imdb filmtwitter movies\n\nMore info below,
Lambcast 437: Mission Impossible Fallout,
He valorado Mission: Impossible - Fallout (2018) 9/10 IMDbhttp://,
Mission impossible : Fallout \n\nL'affiche du moment,
Mission : Impossible - Fallout (2018)\nChristopher McQuarrie.,
"I'm at Cinépolis Chelsea - @cinepolisusa for Mission: Impossible - Fallout in New York, NY",
Mission Impossible Fallout was really exciting! Had me on the edge of my seat.,
"PUBG Hadirkan Konten Bertema ""Mission Impossible: Fallout""",
Box office Colombia (Agosto 9 a 12)\nCARTELERA DE CINE EN COLOMBIA\n\nTheFirstPurge 173.987\nMissionImpossibleFallout 95.908\nHotelTransilvania3 88.041\nRascacielos 70.013\nChristopherRobinTH 37.994\nPajarosDeVerano 31.582\nMiExEsUnEspía 31.331\nMentesPoderosas 31.011,
"Kim Manuel, facility manager at @eganinoue Bootcamp - ‘Aiea, reviews Mission: Impossible - Fallout. See her thoughts on page 50. @missionfilm",
I could watch @TomCruise sprinting through beautiful cities for 8 straight hours. Mission Impossible Fallout is a really fun movie,
SimonPegg\nMissionImpossibleFallout\nMission Impossible: Fallout cast play SAY WHAT!? \nCBBC\nhttps://,
I'm watching Mission: Impossible - Fallout (2018) and you should be too. NowWatching trakt,
Mission Impossible: Fallout,
"There are many similarities between the awesome MissionImpossibleFallout and a JamesBond movie with the all the spectacular action, like the helicopter scene, and how it took place in a few countries. Just like the James Bond franchise, these films could go on indefinitely.",
Mission Impossible: Fallout was insane. Easily the best one in the series.\n\nRelated: Tom Cruise is a madman,
"If you’d like to watch Tom Cruise run for 147 mins straight, then do I have the movie for you! MissionImpossibleFallout itwasprettygoodactually",
Weekend Box Office Results: August 10 – A ... - - AntManAndTheWasp BoxOfficeResults ChristopherRobin Disney HotelTransylvania InTheaters MammaMiaHereWeGoAgain MissionImpossibleFallout Movies SlenderMan TheEqualizer2 TheMeg ,
